{
  "badges": [
    {
      "name": "Smart Starter",
      "icon": "\ud83d\udd75\ufe0f",
      "threshold": 1
    },
    {
      "name": "Alert Investor",
      "icon": "\ud83d\udee1\ufe0f",
      "threshold": 10
    },
    {
      "name": "Fraud Buster",
      "icon": "\ud83d\udd0d",
      "threshold": 25
    },
    {
      "name": "Market Guardian",
      "icon": "\ud83c\udfc5",
      "threshold": 50
    },
    {
      "name": "Safe Citizen",
      "icon": "\ud83c\udf0d",
      "threshold": 100
    }
  ]
}